"ticker","perm_id","name"
"CY US","PD8ZY6-S-US","Cypress Semiconductor"
"HP US","RCF7LV-S-US","Helmerich & Payne, Inc."
"CVLT US","RH1ZMN-S-US","Commvault Systems, In"
"BK US","HSDSLM-S-US","Bank of New York Mellon Corporation"
"S US","BB0C2F-S-US","Sprint Corp."
"SEIC US","K7T5TF-S-US","SEI Investments Company"
"NI US","N00KJ9-S-US","NiSource Inc"
"LM US","TF5788-S-US","Legg Mason, Inc."
"RL US","B83ZLH-S-US","Ralph Lauren Corporation Class A"
"MPWR US","CZJM88-S-US","Monolithic Power Syst"
"GS US","HG5HFV-S-US","Goldman Sachs Group, Inc."
"ENFC US","WR3BL5-S-US","Entegris, Inc."
"PNC US","JT792F-S-US","PNC Financial Services Group, Inc."
"NN NA","K1DMRQ-S-NL","NN Group N.V."
"NRG US","SPB6XT-S-US","NRG Energy, Inc."
"YUM US","D407NC-S-US","Yum! Brands, Inc."
"DIS US","K8YTSW-S-US","Walt Disney Company"
"NOVN SW","P6G3ZG-S-CH","Novartis AG"
"ABT US","Q1KJQ2-S-US","Abbott Laboratories"
"BXB AU","Q3XHWK-S-AU","Brambles Limited"
"AZO US","V3L7PF-S-US","AutoZone, Inc."
"RHI US","G7VSB9-S-US","Robert Half International Inc."
"7202 JP","Q1KNZ6-S-JP","Isuzu Motors Limited"
"LOGN SW","JGZM69-S-CH","Logitech International"
"ICLR US","CZHBV2-S-US","ICON Plc"
"SLHN SW","DKHSY5-S-CH","Swiss Life Holding AG"
"LLY US","W38FV3-S-US","Eli Lilly and Company"
"8630 JP","HSHBL4-S-JP","Sompo Holdings,Inc."
"ON US","D69DC4-S-US","On Semiconductor Corp"
"AMG NA","DD2DS4-S-NL","AMG Advanced Metallurgical Group N.V."
"TWLO US","HSBJV1-S-US","Twilio, Inc. Class A"
"PRU US","BRWF4W-S-US","Prudential Financial, Inc."
"LITE US","XC104D-S-US","Lumentum Holdings, In"
"MB IM","BQQNZB-S-IT","Mediobanca S.p.A."
"SBAC US","G7RJ37-S-US","SBA Communications Corp. Class A"
"BIIB US","S38X5X-S-US","Biogen Inc."
"TMUS US","WYK7VS-S-US","T-mobile Us, Inc."
"EPAM US","WG9TZK-S-US","Epam Systems, Inc."
"MQG AU","PC3V3D-S-AU","Macquarie Group Limit"
"PAG LN","K10XT3-S-GB","Paragon Banking Group"
"SYMC US","L9QXLC-S-US","Symantec Corporation"
"MGM US","MQ18S4-S-US","MGM Resorts International"
"BR TB","X6CP79-S-TH","Bangkok Ranch Public Co Ltd"
"TRIP US","RX8FJX-S-US","TripAdvisor, Inc."
"DRI US","L6CF99-S-US","Darden Restaurants, Inc."
"EMN US","WNDVBT-S-US","Eastman Chemical Company"
"HSIC US","WZMJB0-S-US","Henry Schein, Inc."
"FLS US","PZF9CX-S-US","Flowserve Corporation"
"MAA US","TLPSG8-S-US","Mid-America Apartment Communities, Inc."
"MAR US","CC0PJK-S-US","Marriott International, Inc. Class A"
"ZEN US","QP520V-S-US","Zendesk, Inc."
"AMCX US","WMPR62-S-US","Amc Networks Inc. Cla"
"TGT US","WX72B4-S-US","Target Corporation"
"PSA US","MQ12CY-S-US","Public Storage"
"HBAN US","JYS4QM-S-US","Huntington Bancshares Incorporated"
"PPG US","KM6CDW-S-US","PPG Industries, Inc."
"CHTR US","MTDQ28-S-US","Charter Communications, Inc. Class A"
"GRMN US","NCCKWN-S-US","Garmin Ltd."
"7267 JP","XBVTLW-S-JP","Honda Motor Co., Ltd."
"HSY US","KJY9T4-S-US","Hershey Company"
"SWK US","Q1LMT3-S-US","Stanley Black & Decker, Inc."
"TGNA US","W5NFZK-S-US","Tegna, Inc."
"LNC US","HVQ5RM-S-US","Lincoln National Corporation"
"FCX US","MMRHSQ-S-US","Freeport-McMoRan, Inc."
"JNJ US","T7HSNM-S-US","Johnson & Johnson"
"HRL US","M88FPK-S-US","Hormel Foods Corporation"
"FLR US","MJBXDM-S-US","Fluor Corporation"
"6861 JP","XLTFZB-S-JP","Keyence Corporation"
"FRT US","DLNFXM-S-US","Federal Realty Investment Trust"
"HCA US","JXZR9V-S-US","HCA Healthcare Inc"
"STZ US","QZ2Q0V-S-US","Constellation Brands, Inc. Class A"
"KEY US","SX82QG-S-US","KeyCorp"
"MDT US","TTHQS7-S-US","Medtronic plc"
"ADP US","RXHPCQ-S-US","Automatic Data Processing, Inc."
"UNP US","B2DTQ7-S-US","Union Pacific Corporation"
"GGR SP","G5MQMH-S-SG","Golden Agri-resources"
"8058 JP","PSMHG5-S-JP","Mitsubishi Corporation"
"NTR CN","DRJY75-S-CA","Nutrien Ltd."
"SMTC US","BXJRFB-S-US","Semtech Corporation"
"SRE US","SDCJ96-S-US","Sempra Energy"
"WY US","NPKW4H-S-US","Weyerhaeuser Company"
"DE US","G5FWH0-S-US","Deere & Company"
"LNT US","X9RH3N-S-US","Alliant Energy Corp"
"VSAT US","CJPJXL-S-US","Viasat, Inc."
"DTE US","GJSPG5-S-US","DTE Energy Company"
"PNR US","C7R82C-S-US","Pentair plc"
"FOX IT","VR2Z0Y-S-IL","Fox-Wizel Ltd."
"MAT US","RS1WKD-S-US","Mattel, Inc."
"PSN LN","TTNSDZ-S-GB","Persimmon Plc"
"ALGN US","H68H4X-S-US","Align Technology, Inc."
"LEN US","GRSGXM-S-US","Lennar Corporation Class A"
"NA","B7YWWQ-S-US","Liveramp Holdings, In"
"CI US","XHJHJN-S-US","Cigna Corporation"
"WHR US","L9RFKV-S-US","Whirlpool Corporation"
"EXC US","HG5T14-S-US","Exelon Corporation"
"OC US","KHZRFD-S-US","Owens Corning"
"NLSN US","BLJDN6-S-US","Nielsen Holdings Plc"
"ECL US","L46MXM-S-US","Ecolab Inc."
"ZTS US","CQJ281-S-US","Zoetis, Inc. Class A"
"WMB US","GC3T03-S-US","Williams Companies, Inc."
"HES US","PQCHZH-S-US","Hess Corporation"
"LOGM US","CSQZST-S-US","Logmein, Inc."
"AXP US","DBQ20D-S-US","American Express Company"
"ROP US","FV7BRY-S-US","Roper Technologies, Inc."
"DWDP US","R1CXVP-S-US","DowDuPont Inc."
"LW US","K0ZLYJ-S-US","Lamb Weston Holdings, Inc."
"CLGX US","Q9ND4H-S-US","Corelogic, Inc."
"LAZ US","PM4PLT-S-US","Lazard Ltd Class A"
"CME US","D9K19L-S-US","CME Group Inc. Class A"
"VPK NA","HBSLCD-S-NL","Royal Vopak NV"
"ES US","MTFQX3-S-US","Eversource Energy"
"VIAB US","X7JW88-S-US","Viacom Inc. Class B"
"BLL US","PHJ859-S-US","Ball Corporation"
"288 HK","SV8XPP-S-HK","WH Group Ltd. (HK)"
"CCL US","QBS6K5-S-US","Carnival Corporation"
"ALLE US","LC1NY7-S-US","Allegion PLC"
"CINF US","WJVTHK-S-US","Cincinnati Financial Corporation"
"CTAS US","TKPJVY-S-US","Cintas Corporation"
"2269 JP","TBXX5B-S-JP","Meiji Holdings Co., L"
"IFF US","W7TP6N-S-US","International Flavors & Fragrances Inc."
"ACIW US","BGT3MW-S-US","Aci Worldwide, Inc."
"ANTM IJ","XG9H0Z-S-ID","PT Aneka Tambang Tbk"
"LGEN LN","MKC740-S-GB","Legal & General Group"
"WFC US","G4G3T4-S-US","Wells Fargo & Company"
"IPG US","DXTWJN-S-US","Interpublic Group of Companies, Inc."
"CNK US","GZNG3H-S-US","Cinemark Holdings, In"
"EPAY US","S7Q60R-S-US","Bottomline Technologi"
"FGR FP","BL5XJ7-S-FR","Eiffage SA"
"TSCO LN","KX8CBL-S-GB","Tesco PLC"
"AFX GR","B4Q6W7-S-DE","Carl Zeiss Meditec AG"
"ALC US","MF3LBR-S-CH","Alcon, Inc."
"DG FP","C4CBZX-S-FR","VINCI SA"
"KLAC US","FJ1F7G-S-US","KLA-Tencor Corporation"
"PM SW","KQR4SX-S-CH","Phoenix Mecano AG"
"GWRE US","NVXZ1H-S-US","Guidewire Software, I"
"JW-A US","JJ82GB-S-US","John Wiley & Sons, In"
"RHT US","GRMT07-S-US","Red Hat, Inc."
"VRSK US","H46J90-S-US","Verisk Analytics Inc"
"IAG LN","KW8NSS-S-GB","International Consoli"
"FFIV US","GQM0CD-S-US","F5 Networks, Inc."
"LFUS US","SGMYM9-S-US","Littelfuse, Inc."
"IBM US","MCPQD9-S-US","International Business Machines Corporation"
"AGN US","JK7YB9-S-US","Allergan plc"
"CNO US","V3LWY1-S-US","CNO Financial Group, Inc."
"CCH LN","FDJNVF-S-GB","Coca-cola Hbc Ag"
"INCY US","SGJQG8-S-US","Incyte Corporation"
"HLNE US","G147VV-S-US","Hamilton Lane Incorporated Class A"
"SYNH US","C3MWSG-S-US","Syneos Health, Inc. C"
"AMG US","PP7H5M-S-US","Affiliated Managers Group, Inc."
"SPGI US","NXC32S-S-US","S&P Global, Inc."
"LONN SW","LGFX0C-S-CH","Lonza Group AG"
"ENG SM","PTRVXC-S-ES","Enagas SA"
"TON SJ","K8Z9QB-S-ZA","Tongaat Hulett Limited"
"NKTR US","X7L8YL-S-US","Nektar Therapeutics"
"TXN US","SJWX0Y-S-US","Texas Instruments Incorporated"
"KMX US","J2NC4K-S-US","CarMax, Inc."
"RNG US","JPYGCC-S-US","Ringcentral, Inc. Cla"
"HAL US","M1LGZB-S-US","Halliburton Company"
"MRVL US","F3NL57-S-US","Marvell Technology Gr"
"JCOM US","PJNPRK-S-US","J2 Global, Inc."
"4902 JP","SQG9VR-S-JP","Konica Minolta, Inc."
"ETR US","WSV8FS-S-US","Entergy Corporation"
"HCP IN","W4LK7P-S-IN","Hindustan Copper Ltd"
"HRS US","PRGHTD-S-US","Harris Corporation"
"EL US","BFMGRH-S-US","Estee Lauder Companies Inc. Class A"
"1113 HK","DNQVCP-S-HK","CK Asset Holdings Lim"
"CABO US","HQD3LB-S-US","Cable One, Inc."
"VIAV US","LBWC5M-S-US","Viavi Solutions Inc"
"COP US","L6CX6R-S-US","ConocoPhillips"
"BKI US","P51QVC-S-US","Black Knight, Inc."
"JCI US","G4F739-S-US","Johnson Controls International plc"
"TW/ LN","T430YC-S-GB","Taylor Wimpey plc"
"KIM US","Q50887-S-US","Kimco Realty Corporation"
"DBS SP","NSYZM4-S-SG","DBS Group Holdings Lt"
"WMT US","DWPYXW-S-US","Walmart Inc."
"MHK US","NK4RMT-S-US","Mohawk Industries, Inc."
"WAB US","Q9PG5H-S-US","Westinghouse Air Brake Technologies Corporation"
"GWW US","SHMTH8-S-US","W.W. Grainger, Inc."
"DSCT IT","K16KKD-S-IL","Israel Discount Bank"
"MDP US","GB58PD-S-US","Meredith Corporation"
"DLTR US","N81W08-S-US","Dollar Tree, Inc."
"LYB US","M1W3FF-S-US","LyondellBasell Industries NV"
"RACE IM","NZV6TT-S-IT","Ferrari NV"
"ATO US","QHBDVP-S-US","Atmos Energy Corporation"
"8766 JP","TJFV1M-S-JP","Tokio Marine Holdings"
"TRP CN","F3N7HX-S-CA","TC Energy Corporation"
"MXIM US","V0BDBS-S-US","Maxim Integrated Products, Inc."
"IRDM US","KHSZK3-S-US","Iridium Communication"
"JKHY US","DSGZ71-S-US","Jack Henry & Associates, Inc."
"SAF FP","DVL4J6-S-FR","Safran S.A."
"WWE US","QG1890-S-US","World Wrestling Entertainment"
"NYCB US","DQ5K00-S-US","New York Times Compan"
"DFS US","KNF6LD-S-US","Discover Financial Services"
"WRLD US","PD4Y6D-S-US","World Wrestling Enter"
"DIM FP","JS2BHP-S-FR","Sartorius Stedim Biot"
"ADM US","DKH0FF-S-US","Archer-Daniels-Midland Company"
"XLNX US","KHRJNM-S-US","Xilinx, Inc."
"CCI US","LY1BXZ-S-US","Crown Castle International Corp"
"SWMA SS","PN77L9-S-SE","Swedish Match AB"
"MT NA","XKNW3Y-S-NL","ArcelorMittal"
"APTV US","WC0FKB-S-US","Aptiv PLC"
"RF US","JJ8RRZ-S-US","Regions Financial Corporation"
"ARRS US","RZR3SW-S-US","Arris International P"
"PTC US","QQ00XL-S-US","Ptc Inc."
"ROG US","HLWYS9-S-US","Rogers Corporation"
"7741 JP","PGDHWP-S-JP","HOYA CORPORATION"
"D US","LHF4PR-S-US","Dominion Energy Inc"
"T US","PQJ6YX-S-US","AT&T Inc."
"SLAB US","F4SDKX-S-US","Silicon Laboratories"
"FRC US","L6TPMT-S-US","First Republic Bank"
"ETFC US","KQKRHV-S-US","E*TRADE Financial Corporation"
"HUM US","NNK8WV-S-US","Humana Inc."
"2579 JP","MBPDNX-S-JP","Coca-Cola Bottlers Ja"
"CVS US","JDWM79-S-US","CVS Health Corporation"
"ARW US","HKMMSD-S-US","Arrow Electronics, In"
"ENR US","MXTG4X-S-US","Energizer Holdings In"
"NSC US","TY1NFD-S-US","Norfolk Southern Corporation"
"NUAN US","QMRMKG-S-US","Nuance Communications"
"ADS US","D656C6-S-US","Alliance Data Systems Corporation"
"SYK US","NYHJP1-S-US","Stryker Corporation"
"AKAM US","HXZ69B-S-US","Akamai Technologies, Inc."
"M US","KHRMVQ-S-US","Macy's Inc"
"III LN","R1CDW6-S-GB","3i Group plc"
"IP US","GX4W4P-S-US","International Paper Company"
"MMC US","RWB1HB-S-US","Marsh & McLennan Companies, Inc."
"STI US","X6BVNJ-S-US","SunTrust Banks, Inc."
"BDX US","QLL3Y6-S-US","Becton, Dickinson and Company"
"TRV US","G8VDR1-S-US","Travelers Companies, Inc."
"ORLY US","SDDLB6-S-US","O'Reilly Automotive, Inc."
"BHF US","W733DQ-S-US","Brighthouse Financial, Inc."
"MDLZ US","D8DHJ7-S-US","Mondelez International, Inc. Class A"
"SO IM","PVWSJ4-S-IT","Sogefi SPA"
"WDAY US","MS9VJJ-S-US","Workday, Inc. Class A"
"HBI US","V86L1Y-S-US","Hanesbrands Inc."
"NCM AU","K150LY-S-AU","Newcrest Mining Limit"
"CBOE US","X5H2LD-S-US","Cboe Global Markets Inc"
"ABC US","B3FZ0D-S-US","AmerisourceBergen Corporation"
"WELL US","FXHMTX-S-US","Welltower, Inc."
"TEL NO","SM683X-S-NO","Telenor ASA"
"NWSA US","GLZ11J-S-US","News Corporation Class A"
"WCG US","LP4SHG-S-US","WellCare Health Plans, Inc."
"RIO AU","WHWHP3-S-AU","Rio Tinto Limited"
"CPRT US","P455NW-S-US","Copart, Inc."
"TMK US","MXWGG8-S-US","Torchmark Corporation"
"SNV US","PX0MZV-S-US","Synovus Financial Cor"
"FB US","BHM9TN-S-US","Facebook, Inc. Class A"
"SLG US","X9VRBQ-S-US","SL Green Realty Corp."
"BRK/B US","N138TY-S-US","Berkshire Hathaway Inc. Class B"
"ARNC US","PP17YF-S-US","Arconic, Inc."
"COMM US","DDZ68Q-S-US","Commscope Holding Co."
"NXST US","B4KM2X-S-US","Nexstar Media Group,"
"ORA FP","X31PTN-S-FR","Orange SA"
"CDK US","DW7HVT-S-US","Cdk Global Inc"
"TRCO US","LNPH82-S-US","Tribune Media Co. Cla"
"MNST US","NT3TVP-S-US","Monster Beverage Corporation"
"7974 JP","G3B54B-S-JP","Nintendo Co., Ltd."
"PFE US","JDQZCY-S-US","Pfizer Inc."
"APD US","P7M7WC-S-US","Air Products and Chemicals, Inc."
"MKSI US","TGB6X1-S-US","Mks Instruments, Inc."
"NOC US","D2W0G9-S-US","Northrop Grumman Corporation"
"EBAY US","S5G28Y-S-US","eBay Inc."
"ABBV US","V3049L-S-US","AbbVie, Inc."
"ELLI US","DGFSW4-S-US","Ellie Mae, Inc."
"KL CN","XHFBHP-S-CA","Kirkland Lake Gold Ltd."
"CHD US","QVJHVF-S-US","Church & Dwight Co., Inc."
"JBHT US","QNZYNF-S-US","J.B. Hunt Transport Services, Inc."
"HO FP","HQ927Y-S-FR","Thales SA"
"SAIC US","TMW8K0-S-US","Science Applications"
"SO US","H44KF1-S-US","Southern Company"
"SIVB US","JGZ7GY-S-US","SVB Financial Group"
"L US","VYPZ0B-S-US","Loews Corporation"
"ZS US","S1GFR5-S-US","Zscaler, Inc."
"GLEN LN","C4QD5D-S-GB","Glencore plc"
"CAP FP","DZ425C-S-FR","Capgemini SE"
"WU US","JBNF8C-S-US","Western Union Company"
"MA US","HLTYZF-S-US","Mastercard Incorporated Class A"
"MO US","BRWRT6-S-US","Altria Group Inc"
"6988 JP","RJ0QBK-S-JP","Nitto Denko Corp."
"MAN US","GKZ0R8-S-US","ManpowerGroup"
"WDC US","WK19ZQ-S-US","Western Digital Corporation"
"SCWX US","SH8W4J-S-US","Secureworks Corp. Cla"
"VMC US","KM5HS2-S-US","Vulcan Materials Company"
"CNR CN","NL8Q9M-S-CA","Canadian National Rai"
"TIF US","M2QXKL-S-US","Tiffany & Co."
"ZNGA US","SRCT6H-S-US","Zynga Inc. Class A"
"ISRG US","W7T9H9-S-US","Intuitive Surgical, Inc."
"FLIR US","QTDDXH-S-US","FLIR Systems, Inc."
"ALB US","C8SHKM-S-US","Albemarle Corporation"
"LUV US","MXVHMC-S-US","Southwest Airlines Co."
"PRGO US","JVBJCK-S-US","Perrigo Co. Plc"
"FANG US","DR9WKB-S-US","Diamondback Energy, Inc."
"FII US","D54FSD-S-US","Federated Investors, Inc. Class B"
"SHW US","DMY2HT-S-US","Sherwin-Williams Company"
"CSL AU","HSF8J2-S-AU","CSL Limited"
"GLW US","QWNLSC-S-US","Corning Inc"
"CSX US","NFMH78-S-US","CSX Corporation"
"LDO IM","PRMLJ5-S-IT","Leonardo SpA"
"MCD US","F1F0GY-S-US","McDonald's Corporation"
"DGX US","QPZXQH-S-US","Quest Diagnostics Incorporated"
"ULTA US","LTMSR1-S-US","Ulta Beauty Inc"
"LRCX US","N9757B-S-US","Lam Research Corporation"
"USB US","QQ57WH-S-US","U.S. Bancorp"
"COUP US","GLVKYS-S-US","Coupa Software, Inc."
"EV US","VBDMVT-S-US","Eaton Vance Corp."
"ANSS US","C0SZHB-S-US","ANSYS, Inc."
"APC US","PN3GCR-S-US","Anadarko Petroleum Corporation"
"CBS US","QCW7G3-S-US","CBS Corporation Class B"
"8591 JP","M890T3-S-JP","ORIX Corporation"
"VSH US","N17VK7-S-US","Vishay Intertechnolog"
"NEM US","P5BL31-S-US","Newmont Mining Corporation"
"MOS US","GW5WZK-S-US","Mosaic Company"
"NOVOB DC","JT6S2Y-S-DK","Novo Nordisk A/S Clas"
"PAYC US","X7YXN0-S-US","Paycom Software, Inc."
"UOB SP","GYG1SD-S-SG","United Overseas Bank"
"HLT US","PTYK86-S-US","Hilton Worldwide Holdings Inc"
"MKC US","DVR40W-S-US","McCormick & Company, Incorporated"
"NTCT US","PQCGXG-S-US","Netscout Systems, Inc"
"AES US","Q0KPX4-S-US","AES Corporation"
"HFC US","RCGDTY-S-US","HollyFrontier Corporation"
"BMY US","H547YV-S-US","Bristol-Myers Squibb Company"
"UHS US","JPY35J-S-US","Universal Health Services, Inc. Class B"
"ROL US","K8ZFZG-S-US","Rollins, Inc."
"ROK US","RCF8NW-S-US","Rockwell Automation, Inc."
"HPE US","F9QBSZ-S-US","Hewlett Packard Enterprise Co."
"AAP US","KXFJ5F-S-US","Advance Auto Parts, Inc."
"HRB US","Q2PPS2-S-US","H&R Block, Inc."
"TDG US","QBWP5F-S-US","TransDigm Group Incorporated"
"BKNG US","CM333K-S-US","Booking Holdings Inc."
"CHRW US","NK4J5L-S-US","C.H. Robinson Worldwide, Inc."
"PGR US","HTJWJK-S-US","Progressive Corporation"
"GDDY US","XB6X7T-S-US","Godaddy, Inc. Class A"
"EXR US","PPDFM8-S-US","Extra Space Storage Inc."
"CBRE US","K3B0CT-S-US","CBRE Group, Inc. Class A"
"ENEL IM","TVSR2S-S-IT","Enel SpA"
"LPLA US","JJJB62-S-US","LPL Financial Holding"
"BA US","P8WJT7-S-US","Boeing Company"
"EVT GR","GTX447-S-DE","Evotec SE"
"NOVT US","BNL1XT-S-US","Novanta Inc"
"NTAP US","Q4ZSBS-S-US","NetApp, Inc."
"HCP US","L9XWZZ-S-US","HCP, Inc."
"MTCH US","J2YRLX-S-US","Match Group, Inc."
"ALL US","Q8DVNB-S-US","Allstate Corporation"
"MAS US","GPBWRP-S-US","Masco Corporation"
"PH US","KPL0X0-S-US","Parker-Hannifin Corporation"
"STO AU","GM6XYS-S-AU","Santos"
"VSM US","H0J0F2-S-US","Versum Materials, Inc"
"RTN US","G6L6W5-S-US","Raytheon Company"
"ESS US","LG8VCM-S-US","Essex Property Trust, Inc."
"GVC LN","WC835J-S-GB","GVC Holdings PLC"
"WRK US","JWHK2C-S-US","WestRock Company"
"NUE US","V3LF0L-S-US","Nucor Corporation"
"PYPL US","NGRNZY-S-US","PayPal Holdings Inc"
"VNA GR","B6LPK8-S-DE","Vonovia SE"
"DHR US","NK1C4M-S-US","Danaher Corporation"
"CTXS US","JBFJ2W-S-US","Citrix Systems, Inc."
"GPN US","VK6XV3-S-US","Global Payments Inc."
"VLO US","DWW3RQ-S-US","Valero Energy Corporation"
"CPSI US","MVGS05-S-US","Computershare Limited"
"ARE US","L9WQRW-S-US","Alexandria Real Estate Equities, Inc."
"XEC US","J9BBXT-S-US","Cimarex Energy Co."
"UBI FP","GX5B03-S-FR","Ubisoft Entertainment"
"TWOU US","LK2SPQ-S-US","2u, Inc."
"3382 JP","V4THNB-S-JP","Seven & I Holdings Co"
"VRTX US","RCKMZZ-S-US","Vertex Pharmaceuticals Incorporated"
"VRSN US","HMWNB3-S-US","VeriSign, Inc."
"1997 HK","W1BKX5-S-HK","Wharf Real Estate Inv"
"NKE US","WK0NR3-S-US","NIKE, Inc. Class B"
"MS US","RWHXPV-S-US","Morgan Stanley"
"AMAT US","QR4XC8-S-US","Applied Materials, Inc."
"FAST US","D1QS87-S-US","Fastenal Company"
"MNDI LN","JDTQMJ-S-GB","Mondi plc"
"SOON SW","B9366V-S-CH","Sonova Holding AG"
"IIVI US","NB68NL-S-US","Ii-vi Incorporated"
"NXPI US","RXS7PR-S-US","Nxp Semiconductors Nv"
"AVGO US","MDX5ZL-S-US","Broadcom Inc."
"SHEN US","H2YXJN-S-US","Shenandoah Telecommun"
"TEL US","HVRY7D-S-US","TE Connectivity Ltd."
"VFC US","KCCH5Y-S-US","V.F. Corporation"
"BXP US","HWYFQJ-S-US","Boston Properties, Inc."
"COO US","P45KD7-S-US","Cooper Companies, Inc."
"ACS SM","HY35X2-S-ES","Actividades de Constr"
"CACI US","F97122-S-US","Caci International In"
"ETN US","KZJCW9-S-US","Eaton Corp. Plc"
"ALK US","FLFZFF-S-US","Alaska Air Group, Inc."
"EXO IM","TCWS07-S-IT","EXOR N.V."
"AVB US","GX5W1M-S-US","AvalonBay Communities, Inc."
"DSY FP","J1HN11-S-FR","Dassault Systemes SA"
"HPQ US","V601BM-S-US","HP Inc."
"NEE US","VLCR4Q-S-US","NextEra Energy, Inc."
"UPM FH","JCRJFH-S-FI","UPM-Kymmene Oyj"
"RE US","W6N2D9-S-US","Everest Re Group, Ltd."
"KSS US","K7VKFQ-S-US","Kohl's Corporation"
"EQIX US","JPYYTB-S-US","Equinix, Inc."
"MRO US","NCHX4Q-S-US","Marathon Oil Corporation"
"STMN SW","VNS64L-S-CH","Straumann Holding AG"
"HUBS US","BZ9C22-S-US","Hubspot, Inc."
"6758 JP","S5FBX8-S-JP","Sony Corporation"
"CCOI US","C37X9L-S-US","Cogent Communications"
"DRE US","JWHCR6-S-US","Duke Realty Corporation"
"NESN SW","H7CWS6-S-CH","Nestle S.A."
"WEX US","P7N3J5-S-US","Wex Inc."
"BAC US","Q3TRMZ-S-US","Bank of America Corp"
"SIRI US","SPBLN5-S-US","Sirius Xm Holdings, I"
"WEC US","C8QZP6-S-US","WEC Energy Group Inc"
"NRZ US","BGQ998-S-US","New Relic, Inc."
"XOM US","HP44R7-S-US","Exxon Mobil Corporation"
"TFX US","T6776H-S-US","Teleflex Incorporated"
"IPGP US","FJ33G1-S-US","IPG Photonics Corporation"
"RJF US","QVJYPV-S-US","Raymond James Financial, Inc."
"TMHC US","C2H8CK-S-US","Taylor Morrison Home"
"TPR US","MYWCD8-S-US","Tapestry, Inc."
"LTHM US","NKYH18-S-US","Livent Corporation"
"IBKC US","Q3TXZ4-S-US","IBERIABANK Corporation"
"IT US","SPBJJ3-S-US","Gartner, Inc."
"BLK US","PB11JK-S-US","BlackRock, Inc."
"CTL US","DKNL1N-S-US","CenturyLink, Inc."
"TSN US","H0KFGR-S-US","Tyson Foods, Inc. Class A"
"XRAY US","SC30Z4-S-US","DENTSPLY SIRONA, Inc."
"DOV US","VXR79F-S-US","Dover Corporation"
"BWA US","D4ZW23-S-US","BorgWarner Inc."
"TXT US","DMY7TZ-S-US","Textron Inc."
"UNM US","WDC30F-S-US","Unum Group"
"WYNN US","H6CGVQ-S-US","Wynn Resorts, Limited"
"DHI US","VVFQYB-S-US","D.R. Horton, Inc."
"MRK GR","THFNLC-S-DE","Merck KGaA"
"HOLX US","RDLR73-S-US","Hologic, Inc."
"RO SW","MR5M59-S-CH","Roche Holding AG"
"DXS AU","GPK0FF-S-AU","Dexus"
"OMC US","L41WW5-S-US","Omnicom Group Inc"
"EXPD US","X42FBF-S-US","Expeditors International of Washington, Inc."
"PFG US","FJ0FBJ-S-US","Principal Financial Group, Inc."
"IAC US","TD1RHX-S-US","Iac/interactivecorp."
"XEL US","JMNHJ8-S-US","Xcel Energy Inc."
"ABMD US","DF3N8D-S-US","ABIOMED, Inc."
"IR US","M6459C-S-US","Ingersoll-Rand Plc"
"PX US","NB64DG-S-US","Linde plc"
"AON US","H9T6DW-S-US","Aon plc"
"DOX US","SKY5L7-S-US","Amdocs Limited"
"MET US","NV2X6X-S-US","MetLife, Inc."
"MONC IM","FZXPLZ-S-IT","Moncler SpA"
"EIX US","N03TRC-S-US","Edison International"
"SBGI US","KPFMHW-S-US","Sinclair Broadcast Gr"
"MCHP US","SY92RH-S-US","Microchip Technology Incorporated"
"RSG US","KYDC2F-S-US","Republic Services, Inc."
"CTSH US","RLF8JJ-S-US","Cognizant Technology Solutions Corporation Class A"
"SWKS US","XKV56X-S-US","Skyworks Solutions, Inc."
"TWTR US","GV451B-S-US","Twitter, Inc."
"AME US","D7DHD4-S-US","AMETEK, Inc."
"ADI US","P0X865-S-US","Analog Devices, Inc."
"SWEDA SS","RQT3M0-S-SE","Swedbank AB Class A"
"SYF US","DFHD4X-S-US","Synchrony Financial"
"PEGA US","NT38T5-S-US","Pegasystems Inc."
"8001 JP","NPQ48H-S-JP","Itochu Corporation"
"TDS US","LKQGQP-S-US","Telephone And Data Sy"
"GPS US","T0NLZH-S-US","Gap, Inc."
"TEAM US","DM5J37-S-US","Atlassian Corp. Plc C"
"FL US","B82TCD-S-US","Foot Locker, Inc."
"URI US","SRQ728-S-US","United Rentals, Inc."
"TD CN","RFQ4VD-S-CA","Toronto-Dominion Bank"
"PHM US","VFZRT3-S-US","PulteGroup, Inc."
"ULTI US","P9WP6G-S-US","Ultimate Software Gro"
"XYL US","Q5V0CD-S-US","Xylem Inc."
"CCL LN","GC8TKT-S-GB","Carnival Corporation"
"PSX US","SP70YY-S-US","Phillips 66"
"ICE US","H6GV8W-S-US","Intercontinental Exchange, Inc."
"PEG US","DXV63Y-S-US","Public Service Enterprise Group Inc"
"ANET US","JBVNSV-S-US","Arista Networks, Inc."
"WBA US","QSFJYG-S-US","Walgreens Boots Alliance Inc"
"IART US","D68983-S-US","Integrated Device Tec"
"MSCI US","TP36J7-S-US","MSCI Inc. Class A"
"UPS US","C6M0W9-S-US","United Parcel Service, Inc. Class B"
"DOCU US","TS020P-S-US","Docusign, Inc."
"AMP SM","H1Q8VD-S-ES","Amper, S.A."
"RP US","GHZF8G-S-US","Realpage, Inc."
"SJM US","W0Z2R4-S-US","J.M. Smucker Company"
"SCHW US","B6VPNM-S-US","Charles Schwab Corporation"
"EW US","FWHW51-S-US","Edwards Lifesciences Corporation"
"CMS US","TNYNQV-S-US","CMS Energy Corporation"
"HOG US","TQ3YYX-S-US","Harley-Davidson, Inc."
"IEX US","HTKWFH-S-US","IDEX Corporation"
"LPT US","RWHVKS-S-US","Liberty Property Trus"
"AMZN US","RMCVZ9-S-US","Amazon.com, Inc."
"EXPE US","WSWSB6-S-US","Expedia Group, Inc."
"QTWO US","GLFDP8-S-US","Q2 Holdings, Inc."
"LB US","B3L74D-S-US","L Brands, Inc."
"REG US","P0S025-S-US","Regency Centers Corporation"
"PNW US","RJ034Z-S-US","Pinnacle West Capital Corporation"
"DVMT US","H1F53H-S-US","Dell Technologies Inc"
"ITW US","KC74XW-S-US","Illinois Tool Works Inc."
"1COV GR","SFT72P-S-DE","Covestro AG"
"CMA US","S8TKL0-S-US","Comerica Incorporated"
"CSOD US","WVBS8K-S-US","Cornerstone Ondemand,"
"NCR US","F6YHJW-S-US","Ncr Corporation"
"DKS US","F5TFNZ-S-US","Dick's Sporting Goods"
"9984 JP","BNLKX9-S-JP","SoftBank Group Corp."
"MMS US","HY2KQH-S-US","Maximus, Inc."
"ERICB SS","HR8NLN-S-SE","Telefonaktiebolaget L"
"STAY US","TKPMNN-S-US","Extended Stay America"
"MCO US","C4BW2G-S-US","Moody's Corporation"
"STX US","QXT7RT-S-US","Seagate Technology PLC"
"LEG GR","LS6J6D-S-DE","LEG Immobilien AG"
"NA","WYHN2K-S-US","Modern Times Group Mt"
"BHGE US","C6H18K-S-US","Baker Hughes, a GE Company Class A"
"HSE CN","WFGLTT-S-CA","Husky Energy Inc."
"DAL US","K6S3NB-S-US","Delta Air Lines, Inc."
"NDAQ US","QP196P-S-US","Nasdaq, Inc."
"PANW US","W32HMN-S-US","Palo Alto Networks, I"
"DTE GR","QMQV1Q-S-DE","Deutsche Telekom AG"
"C US","T6BMPP-S-US","Citigroup Inc."
"TMO US","LY6R71-S-US","Thermo Fisher Scientific Inc."
"KORS US","FNBWSQ-S-US","Capri Holdings Limited"
"ZAYO US","GZV1DC-S-US","Zayo Group Holdings,"
"AJG US","KRRDD7-S-US","Arthur J. Gallagher & Co."
"AEP US","SW3WLF-S-US","American Electric Power Company, Inc."
"APAM US","G18BJK-S-US","Artisan Partners Asset Management, Inc. Class A"
"INGA NA","SYDPMW-S-NL","ING Groep NV"
"MSG US","GPNFH5-S-US","Madison Square Garden"
"PWR US","WGR10T-S-US","Quanta Services, Inc."
"HON US","LKTW6W-S-US","Honeywell International Inc."
"FE US","TZ642P-S-US","FirstEnergy Corp."
"SNA US","DBV80B-S-US","Snap-on Incorporated"
"NBL US","WW7382-S-US","Noble Energy, Inc."
"APH US","WL12NL-S-US","Amphenol Corporation Class A"
"EVRG US","HR94J3-S-US","Evergy, Inc."
"MU US","D1RR34-S-US","Micron Technology, Inc."
"VNO US","D9JG61-S-US","Vornado Realty Trust"
"PCTY US","K5VMV3-S-US","Paylocity Holding Cor"
"PKG US","P8PY3Z-S-US","Packaging Corporation of America"
"LMT US","BV8916-S-US","Lockheed Martin Corporation"
"EA US","P7Q9Q7-S-US","Electronic Arts Inc."
"FIS US","BZT3MC-S-US","Fidelity National Information Services, Inc."
"CNP US","PW1X8Y-S-US","CenterPoint Energy, Inc."
"BAH US","ST5LQZ-S-US","Booz Allen Hamilton H"
"AMGN US","T8GLHL-S-US","Amgen Inc."
"AZPN US","M3VV5C-S-US","Aspen Technology, Inc."
"TROW US","RWGCRD-S-US","T. Rowe Price Group"
"FISV US","B00CQC-S-US","Fiserv, Inc."
"AAPL US","R85KLC-S-US","Apple Inc."
"TYL US","VPXV41-S-US","Tyler Technologies, I"
"CREE US","P35SQC-S-US","Cree, Inc."
"APA US","VFT77X-S-US","Apache Corporation"
"CMG US","SW780L-S-US","Chipotle Mexican Grill, Inc."
"SU CN","MBJF57-S-CA","Suncor Energy Inc."
"ICP LN","T9RV8C-S-GB","Intermediate Capital"
"VMW US","DVTV6F-S-US","Vmware, Inc. Class A"
"CSCO US","K14DFC-S-US","Cisco Systems, Inc."
"NOW US","W9VPHX-S-US","Servicenow, Inc."
"DG US","RMMHNL-S-US","Dollar General Corporation"
"WP US","DH3RVT-S-US","Worldpay, Inc. Class"
"CIEN US","HF2HLY-S-US","Ciena Corporation"
"A US","BZSQX0-S-US","Agilent Technologies, Inc."
"MSFT US","DF3K29-S-US","Microsoft Corporation"
"MPC US","MQLFH7-S-US","Marathon Petroleum Corporation"
"ALXN US","RDKWL9-S-US","Alexion Pharmaceuticals, Inc."
"TJX US","VVB1XW-S-US","TJX Companies Inc"
"TRMB US","QXV6LQ-S-US","Trimble Inc."
"FFH CN","W4J7VJ-S-CA","Fairfax Financial Hol"
"NCLH US","L97VX8-S-US","Norwegian Cruise Line Holdings Ltd."
"DLB US","SRN308-S-US","Dolby Laboratories, I"
"SBUX US","H3ZZPR-S-US","Starbucks Corporation"
"MSI CN","SGQT1Z-S-CA","Morneau Shepell Inc."
"TTWO US","RXH8LB-S-US","Take-Two Interactive Software, Inc."
"TSCO US","PM37VG-S-US","Tractor Supply Company"
"PXD US","D3X1KC-S-US","Pioneer Natural Resources Company"
"VRNT US","DMSLZM-S-US","Verint Systems Inc."
"7532 JP","V74M60-S-JP","Pan Pacific Internati"
"SQ US","L44GF7-S-US","Square, Inc. Class A"
"AEL US","MZZX8P-S-US","American Equity Investment Life Holding Company"
"NFLX US","BT4517-S-US","Netflix, Inc."
"IBE SM","MYZV0J-S-ES","Iberdrola SA"
"MAC US","RPSRTL-S-US","Macerich Company"
"CAE CN","TWXQTM-S-CA","CAE Inc."
"XRX US","NV748W-S-US","Xerox Corporation"
"OKE US","LSHSW2-S-US","ONEOK, Inc."
"MLM US","LY60VC-S-US","Martin Marietta Materials, Inc."
"MANH US","X56F28-S-US","Manhattan Associates,"
"CAH US","T0PLWF-S-US","Cardinal Health, Inc."
"BLKB US","GGL2LS-S-US","Blackberry Limited"
"ENV US","FWNZXV-S-US","Envestnet, Inc."
"WFT CN","B6VNLL-S-CA","West Fraser Timber Co. Ltd."
"BR US","W3B9CV-S-US","Broadridge Financial Solutions, Inc."
"CFG US","V3Y428-S-US","Citizens Financial Group, Inc."
"669 HK","W1403R-S-HK","Techtronic Industries"
"PRI US","R3QF7V-S-US","Primerica, Inc."
"CXO US","Q8H75K-S-US","Concho Resources Inc."
"HIK LN","T9VF5S-S-GB","Hikma Pharmaceuticals"
"JEC US","NGXKNW-S-US","Jacobs Engineering Group Inc."
"SPLK US","D2N2BX-S-US","Splunk Inc."
"IRM US","K6VNHQ-S-US","Iron Mountain, Inc."
"CLX US","MLMRJ3-S-US","Clorox Company"
"MCK US","LRDD7S-S-US","McKesson Corporation"
"FTNT US","X9YT9Q-S-US","Fortinet, Inc."
"DGE LN","NFLZ7S-S-GB","Diageo Plc"
"AIV US","M65FQK-S-US","Apartment Investment and Management Company Class A"
"SEBA SS","T2T2RW-S-SE","Skandinaviska Enskild"
"RF FP","H8NMKH-S-FR","Eurazeo SA"
"SANM US","T679BK-S-US","Sanmina-sci Corporati"
"G US","VCNCR5-S-US","Genpact Limited"
"HNR1 GR","P7R36Z-S-DE","Hannover Ruck SE"
"DAL IM","QS8QRY-S-IT","Datalogic S.p.A."
"GM US","J0JKSY-S-US","General Motors Company"
"EMR US","KZJ3C1-S-US","Emerson Electric Co."
"AIZ US","N5NWXV-S-US","Assurant, Inc."
"LLL US","BCHWNY-S-US","L3 Technologies Inc"
"VG US","H0NSWX-S-US","Vonage Holdings Corp."
"PEP US","DCZH6D-S-US","PepsiCo, Inc."
"T MK","K94LT9-S-MY","Telekom Malaysia Bhd."
"CNC US","R3JBJ0-S-US","Centene Corporation"
"UTX US","K6TLGQ-S-US","United Technologies Corporation"
"GPC US","BXFH68-S-US","Genuine Parts Company"
"CPB US","BCD5LG-S-US","Campbell Soup Company"
"IP IM","BBCWY3-S-IT","Interpump Group S.p.A."
"CDW US","K0X6WS-S-US","Cdw Corp."
"CLDR US","CM3RRK-S-US","Cloudera, Inc."
"AVY US","TVTFDF-S-US","Avery Dennison Corporation"
"DUK US","RPTTVL-S-US","Duke Energy Corporation"
"9502 JP","SP9XBJ-S-JP","Chubu Electric Power"
"CE US","PJQNHD-S-US","Celanese Corporation"
"HII US","HM3LKN-S-US","Huntington Ingalls Industries, Inc."
"UAL US","VCSCBX-S-US","United Continental Holdings, Inc."
"LLOY LN","MH7782-S-GB","Lloyds Banking Group"
"SNX US","FH12G1-S-US","Synnex Corporation"
"FITB US","HWZGPH-S-US","Fifth Third Bancorp"
"UDR US","WCCDGM-S-US","UDR, Inc."
"UNH US","R4SVX3-S-US","UnitedHealth Group Incorporated"
"DLR US","WB8GRS-S-US","Digital Realty Trust, Inc."
"MYL US","VH2XZ5-S-US","Mylan N.V."
"PSTG US","K5MJFL-S-US","Pure Storage, Inc. Cl"
"COTY US","RW4DW5-S-US","Coty Inc. Class A"
"AVT US","T67LXV-S-US","Avnet, Inc."
"LEG US","PB0T2B-S-US","Leggett & Platt, Incorporated"
"SEE US","GZDYTG-S-US","Sealed Air Corporation"
"CRUS US","R3HCP3-S-US","Cirrus Logic, Inc."
"INTC US","PJSZYL-S-US","Intel Corporation"
"QCOM US","C7R3T7-S-US","QUALCOMM Incorporated"
"BOX US","J1VD4R-S-US","Box, Inc. Class A"
"BF/B US","X56PLJ-S-US","Brown-Forman Corporation Class B"
"CPA US","H7M2GY-S-US","Copa Holdings, S.A. C"
"INTU US","LJQMXR-S-US","Intuit Inc."
"PVH US","GFFBF7-S-US","PVH Corp."
"BBT US","XN2JJ0-S-US","BB&T Corporation"
"O US","VFV0RN-S-US","Realty Income Corporation"
"MC FP","R817B9-S-FR","LVMH Moet Hennessy Lo"
"OXY US","MT931R-S-US","Occidental Petroleum Corporation"
"ATH US","FHXMJF-S-US","Athene Holding Ltd. C"
"FBHS US","HK3M7C-S-US","Fortune Brands Home & Security, Inc."
"SPG US","RT71JB-S-US","Simon Property Group, Inc."
"EEFT US","BNL2ZV-S-US","Euronet Worldwide, In"
"HIG US","F4NDZ5-S-US","Hartford Financial Services Group, Inc."
"BAX US","LY6TC3-S-US","Baxter International Inc."
"FTV US","QMNL94-S-US","Fortive Corp."
"KEYS US","DW8L0Y-S-US","Keysight Technologies Inc"
"ED US","D506QF-S-US","Consolidated Edison, Inc."
"ELS US","G11LK3-S-US","Equity LifeStyle Prop"
"HWDN LN","PD8PBX-S-GB","Howden Joinery Group"
"EFX US","NL59TF-S-US","Equifax Inc."
"UBNT US","VJYLZ9-S-US","Ubiquiti Networks, In"
"NOV US","C37KN8-S-US","National Oilwell Varco, Inc."
"FOCS US","Q6Q9TD-S-US","Focus Financial Partners, Inc. Class A"
"EOG US","W926PT-S-US","EOG Resources, Inc."
"F US","LHLM3W-S-US","Ford Motor Company"
"MSI US","X8M6VK-S-US","Motorola Solutions, Inc."
"FLT US","D0SXB8-S-US","FleetCor Technologies, Inc."
"LKQ US","FYN7RB-S-US","LKQ Corporation"
"CB US","M9K04P-S-US","Chubb Limited"
"CNQ CN","TKPN21-S-CA","Canadian Natural Resources Limited"
"CL US","LX1RL8-S-US","Colgate-Palmolive Company"
"PRSP US","FZCZH1-S-US","Perspecta, Inc."
"GD US","DCZG4C-S-US","General Dynamics Corporation"
"VAR US","HP5MKM-S-US","Varian Medical Systems, Inc."
"LH US","XLSWXT-S-US","Laboratory Corporation of America Holdings"
"ZBRA US","T2T1PV-S-US","Zebra Technologies Co"
"HD US","DY0D0T-S-US","Home Depot, Inc."
"URBN US","H7K4T4-S-US","Urban Outfitters"
"JPM US","N5N6M6-S-US","JPMorgan Chase & Co."
"TTD US","PQ7J0D-S-US","Trade Desk, Inc. Clas"
"KSU US","DSFSZY-S-US","Kansas City Southern"
"MMM US","R17LLM-S-US","3M Company"
"CF US","D52CVG-S-US","CF Industries Holdings, Inc."
"BSX US","G7VKY3-S-US","Boston Scientific Corporation"
"COF US","LFBF80-S-US","Capital One Financial Corporation"
"RIO LN","RK85PN-S-GB","Rio Tinto plc"
"BRKS US","L56GQK-S-US","Brooks Automation, In"
"PKI US","NHWWHB-S-US","PerkinElmer, Inc."
"TOU CN","FMWW5P-S-CA","Tourmaline"
"AEE US","Q8DPB5-S-US","Ameren Corporation"
"ADSK US","WSZW73-S-US","Autodesk, Inc."
"FMC US","VPS8DR-S-US","FMC Corporation"
"PBCT US","H447TR-S-US","People's United Financial, Inc."
"SSNC US","S27LPQ-S-US","Ss&c Technologies Hol"
"FTI US","TJMMB9-S-US","TechnipFMC Plc"
"ZION US","XKV0YS-S-US","Zions Bancorporation, N.A."
"BBY US","KHXCX5-S-US","Best Buy Co., Inc."
"TAP US","HY0FNH-S-US","Molson Coors Brewing Company Class B"
"UBER US","K9STMJ-S-US","Uber Technologies"
"VALMT FH","NDKP93-S-FI","Valmet Corp"
"DISH US","X7KY98-S-US","DISH Network Corporation Class A"
"PPL US","NCHNPH-S-US","PPL Corporation"
"INVEB SS","NPKC50-S-SE","Investor AB Class B"
"FWONA US","LBS7S7-S-US","Liberty Media Corpora"
"ROST US","C7R70B-S-US","Ross Stores, Inc."
"PRU LN","BDHSLY-S-GB","Prudential plc"
"CDNS US","KZJPGL-S-US","Cadence Design Systems, Inc."
"ANTM US","WC6XYF-S-US","Anthem, Inc."
"BCP PL","DDYW4X-S-PT","Banco Comercial Portu"
"JWN US","Q67K95-S-US","Nordstrom, Inc."
"TDY US","Q3VM8S-S-US","Teledyne Technologies"
"HAS US","W92VYF-S-US","Hasbro, Inc."
"8053 JP","P7LJHP-S-JP","Sumitomo Corporation"
"IDXX US","VT67J6-S-US","IDEXX Laboratories, Inc."
"CELG US","XHD8GP-S-US","Celgene Corporation"
"EBS AV","NT3KBF-S-AT","Erste Group Bank AG"
"DATA US","LH65F7-S-US","Tableau Software, Inc"
"FDX US","HKM5XZ-S-US","FedEx Corporation"
"FOXA US","DSCKQV-S-US","Twenty-First Century Fox, Inc. Class A"
"WM US","PQJ0KQ-S-US","Waste Management, Inc"
"CMI US","TG4SJY-S-US","Cummins Inc."
"CNDT US","GD8QS2-S-US","Conduent, Inc."
"AIG US","S8TF9W-S-US","American International Group, Inc."
"MTD US","VNSTB5-S-US","Mettler-Toledo International Inc."
"TDC US","NVC84R-S-US","Teradata Corporation"
"SNPS US","JFV4K0-S-US","Synopsys, Inc."
"DXC US","CP765L-S-US","DXC Technology Co."
"COG US","X8RFXJ-S-US","Cabot Oil & Gas Corporation"
"MTB US","VBL5F0-S-US","M&T Bank Corporation"
"FB IN","M0J4D1-S-IN","Federal Bank Ltd. (India)"
"MRK US","V9FMMN-S-US","Merck & Co., Inc."
"UAA US","JYZBJF-S-US","Under Armour, Inc. Class A"
"KMI US","GYN3G6-S-US","Kinder Morgan Inc Class P"
"BDC US","WL01PM-S-US","Belden Inc."
"RDSB LN","VNPN96-S-GB","Royal Dutch Shell Plc"
"FIVN US","R3VPS7-S-US","Five9, Inc."
"AYX US","CTXKTD-S-US","Alteryx, Inc. Class A"
"CAG US","DNXYCS-S-US","Conagra Brands, Inc."
"TEX US","CGLVJW-S-US","Terex"
"4684 JP","QS9096-S-JP","OBIC Co., Ltd."
"REGN US","B4KXP6-S-US","Regeneron Pharmaceuticals, Inc."
"KER FP","K4F5JW-S-FR","Kering"
"NWL US","K10BPK-S-US","Newell Brands Inc"
"PCAR US","H433NP-S-US","PACCAR Inc"
"CVX US","MBKTVK-S-US","Chevron Corporation"
"CPG LN","NBBT9V-S-GB","Compass Group PLC"
"HST US","PKSNFC-S-US","Host Hotels & Resorts, Inc."
"HLMA LN","BNGBVB-S-GB","Halma plc"
"ASRNL NA","JDNK96-S-NL","ASR Nederland NV"
"AWK US","CSNXVW-S-US","American Water Works Company, Inc."
"EQR US","CN301K-S-US","Equity Residential"
"CERN US","K7T7YH-S-US","Cerner Corporation"
"IVZ US","JVBLHM-S-US","Invesco Ltd."
"ADS GR","TMV5ZH-S-DE","adidas AG"
"WPL AU","MNY7W6-S-AU","Woodside Petroleum Ltd"
"JBL US","MCNVRH-S-US","Jabil Inc."
"PG US","RWC9XJ-S-US","Procter & Gamble Company"
"GIS US","D68V9M-S-US","General Mills, Inc."
"FERG LN","GPHC8W-S-GB","Ferguson PLC"
"ILMN US","CC0SQN-S-US","Illumina, Inc."
"GLIBA US","TGW3C4-S-US","Gci Liberty, Inc. Cla"
"DVA US","N03PH7-S-US","DaVita Inc."
"FNSR US","DVQ55Z-S-US","Finisar Corporation"
"CARLB DC","RVBZ43-S-DK","Carlsberg A/S Class B"
"KO US","T0JCXJ-S-US","Coca-Cola Company"
"NTRS US","X9PX35-S-US","Northern Trust Corporation"
"PFPT US","HLN1V0-S-US","Proofpoint, Inc."
"ATVI US","G9ZQ25-S-US","Activision Blizzard, Inc."
"DVN US","TWYMJG-S-US","Devon Energy Corporation"
"AMD US","T0NKXG-S-US","Advanced Micro Devices, Inc."
"6113 JP","KHXRMJ-S-JP","AMADA HOLDINGS CO.,LT"
"JNPR US","W8XCG8-S-US","Juniper Networks, Inc."
"DNB NO","P368MT-S-NO","DNB ASA"
"ATD/B CN","QBNW61-S-CA","Alimentation Couche-Tard"
"CMCSA US","M647FF-S-US","Comcast Corporation Class A"
"V US","JS7D8K-S-US","Visa Inc. Class A"
"LUMI IT","X8LHGW-S-IL","Bank Leumi Le-Israel"
"YELP US","SMWVF9-S-US","Yelp Inc"
"LYV US","C5FWZD-S-US","Live Nation Entertain"
"KMB US","X0NKF2-S-US","Kimberly-Clark Corporation"
"ADBE US","DJH8TL-S-US","Adobe Inc."
"INFN US","SYH9MB-S-US","Infineon Technologies"
"NTNX US","Q26LHF-S-US","Nutanix, Inc. Class A"
"TECD US","BNKYQQ-S-US","Tech Data Corporation"
"SYY US","TY2J26-S-US","Sysco Corporation"
"RCL US","T7J5CZ-S-US","Royal Caribbean Cruises Ltd."
"OKTA US","K4FYCZ-S-US","Okta, Inc. Class A"
"HUSQB SS","SGR7XD-S-SE","Husqvarna AB Class B"
"CRM US","DVRKW9-S-US","salesforce.com, inc."
"VWS DC","JLJN1K-S-DK","Vestas Wind Systems A"
"INFO IN","Q9KKRV-S-IN","Infosys Limited"
"VTR US","N6TDN5-S-US","Ventas, Inc."
"9697 JP","JXMCH1-S-JP","Capcom Co., Ltd."
"SAIL US","KNQP0N-S-US","Sailpoint Technologie"
"IDCC US","P7M8YD-S-US","Interdigital, Inc."
"PKI CN","CSN6C2-S-CA","Parkland Fuel Corpora"
"Z US","R04SSK-S-US","Zillow Group, Inc. Cl"
"AAL LN","BYJSMG-S-GB","Anglo American plc"
"INFO US","HY8T7Z-S-US","IHS Markit Ltd."
"PAYX US","XMY0XS-S-US","Paychex, Inc."
"DISCA US","DP3GXZ-S-US","Discovery, Inc. Class A"
"LDOS US","HLYHQR-S-US","Leidos Holdings, Inc."
"7203 JP","D2W8ZK-S-JP","Toyota Motor Corp."
"JEF US","XKSVQP-S-US","Jefferies Financial Group Inc."
"GOOGL US","XF9TK6-S-US","Alphabet Inc. Class A"
"QRVO US","DBNSL6-S-US","Qorvo, Inc."
"DSM NA","S394N4-S-NL","Koninklijke DSM N.V."
"TSS US","KDDG4Y-S-US","Total System Services, Inc."
"COST US","X0MHD2-S-US","Costco Wholesale Corporation"
"AMP US","TP1XYX-S-US","Ameriprise Financial, Inc."
"BAM/A CN","L9R0SG-S-CA","Brookfield Asset Management"
"BEN US","Q8CFZ0-S-US","Franklin Resources, Inc."
"SRG IM","W4D51P-S-IT","Snam S.p.A."
"NESTE FH","Q1S256-S-FI","Neste Corporation"
"KR US","M518NK-S-US","Kroger Co."
"PM US","PRHXMV-S-US","Philip Morris International Inc."
"ORCL US","HVVK2Q-S-US","Oracle Corporation"
"6501 JP","X69WTM-S-JP","Hitachi"
"ACN US","W24RPK-S-US","Accenture Plc Class A"
"AAL US","SHTK18-S-US","American Airlines Group, Inc."
"ZBH US","T8HTVR-S-US","Zimmer Biomet Holdings, Inc."
"551 HK","F5Y5TH-S-HK","Yue Yuen Industrial ("
"SLB US","SZF3KC-S-US","Schlumberger NV"
"PLD US","DG873S-S-US","Prologis, Inc."
"GFTU LN","PFDZP1-S-GB","Grafton Group Plc"
"CAT US","S48T3X-S-US","Caterpillar Inc."
"SABR US","BLGD5P-S-US","Sabre Corp."
"BP/ LN","CC5BCX-S-GB","BP p.l.c."
"FEYE US","XLYCZJ-S-US","Fireeye, Inc."
"POWI US","JBGHZT-S-US","Power Integrations, I"
"SPB US","CLZ7RY-S-US","Spectris Plc"
"RMD US","CHR3SZ-S-US","ResMed Inc."
"AMT US","W13F06-S-US","American Tower Corporation"
"7269 JP","N82CZR-S-JP","Suzuki Motor"
"WLTW US","H9SM9B-S-US","Willis Towers Watson Public Limited Company"
"K US","TKQVC5-S-US","Kellogg Company"
"AHT LN","W2867S-S-GB","Ashtead Group plc"
"VZ US","RGW4H5-S-US","Verizon Communications Inc."
"AFL US","PJNLKG-S-US","Aflac Incorporated"
"IQV US","N68W8T-S-US","IQVIA Holdings Inc"
"GE US","P321KV-S-US","General Electric Company"
"TER US","NT47N2-S-US","Teradyne, Inc."
"KHC US","S4D2D0-S-US","Kraft Heinz Company"
"NICE IT","X9S276-S-IL","NICE Ltd"
"LOW US","N91ZBG-S-US","Lowe's Companies, Inc"
"AMS SM","X5LK6N-S-ES","Amadeus IT Group SA C"
"FICO US","HR8H8H-S-US","Fair Isaac Corporatio"
"WAT US","LSJQMY-S-US","Waters Corporation"
"NEM GR","LTNP9R-S-DE","Nemetschek SE"
"SIM DC","XC1F94-S-DK","SimCorp A/S"
"STT US","KW96V9-S-US","State Street Corporation"
"CGNX US","STWC38-S-US","Cognex Corporation"
"AOS US","B7YG19-S-US","A. O. Smith Corporation"
"NVDA US","QDYJZC-S-US","NVIDIA Corporation"
"4528 JP","L43L2R-S-JP","ONO Pharmaceutical Co"
"QLYS US","X3528V-S-US","Qualys, Inc."
"COHR US","L1T1NM-S-US","Coherent, Inc."
"GILD US","RMF5GJ-S-US","Gilead Sciences, Inc."
